{"posicion":{"x":185.1622772216797,"y":4.6576337814331059,"z":0.0},"vida":5}